Pregnancies,BMI,Glucose,SkinThickness,Insulin,Age,DiabetesPedigreeFunction
6.0,34.0,98.0,33.0,190.0,43.0,0.43
2.0,35.7,112.0,32.0,0.0,21.0,0.148
2.0,30.8,108.0,0.0,0.0,21.0,0.158
8.0,24.6,107.0,0.0,0.0,34.0,0.856
7.0,29.9,136.0,0.0,0.0,50.0,0.21
6.0,37.7,103.0,32.0,190.0,55.0,0.324
1.0,20.4,71.0,18.0,76.0,22.0,0.323
0.0,33.8,117.0,0.0,0.0,44.0,0.932
4.0,31.3,154.0,29.0,126.0,37.0,0.338
5.0,33.7,147.0,0.0,0.0,65.0,0.218
10.0,27.5,111.0,27.0,0.0,40.0,0.141
7.0,34.2,179.0,31.0,0.0,60.0,0.164
4.0,30.9,148.0,27.0,318.0,29.0,0.15
5.0,33.6,96.0,18.0,67.0,43.0,0.997
2.0,28.4,88.0,26.0,16.0,22.0,0.766
1.0,33.3,125.0,40.0,167.0,28.0,0.962
3.0,37.2,84.0,32.0,0.0,28.0,0.267
5.0,30.2,86.0,28.0,71.0,24.0,0.364
4.0,28.4,183.0,0.0,0.0,36.0,0.212
0.0,42.6,140.0,26.0,130.0,24.0,0.431
5.0,28.8,104.0,0.0,0.0,48.0,0.153
1.0,32.0,88.0,29.0,76.0,29.0,0.365
13.0,36.6,106.0,54.0,0.0,45.0,0.178
1.0,33.2,96.0,27.0,87.0,21.0,0.289
10.0,35.9,129.0,28.0,122.0,39.0,0.28
7.0,35.5,184.0,33.0,0.0,41.0,0.355
6.0,25.0,109.0,27.0,0.0,27.0,0.206
1.0,19.5,100.0,12.0,46.0,28.0,0.149
2.0,45.5,102.0,36.0,120.0,23.0,0.127
3.0,30.4,89.0,16.0,85.0,38.0,0.551
0.0,53.2,162.0,56.0,100.0,25.0,0.759
4.0,38.5,146.0,0.0,0.0,67.0,0.52
4.0,37.0,184.0,39.0,277.0,31.0,0.264
0.0,32.3,167.0,0.0,0.0,30.0,0.839
2.0,42.7,109.0,0.0,0.0,54.0,0.845
9.0,34.2,152.0,34.0,171.0,33.0,0.893
2.0,34.7,197.0,99.0,0.0,62.0,0.575
0.0,32.5,109.0,30.0,0.0,38.0,0.855
12.0,26.5,121.0,17.0,0.0,62.0,0.259
0.0,43.2,131.0,0.0,0.0,26.0,0.27
4.0,27.8,85.0,22.0,49.0,28.0,0.306
1.0,26.7,135.0,0.0,0.0,62.0,0.687
5.0,36.0,109.0,26.0,0.0,60.0,0.546
13.0,31.2,104.0,0.0,0.0,38.0,0.465
6.0,19.9,92.0,0.0,0.0,28.0,0.188
3.0,31.6,158.0,36.0,245.0,28.0,0.851
4.0,37.1,111.0,47.0,207.0,56.0,1.39
5.0,37.7,95.0,33.0,0.0,27.0,0.37
8.0,23.6,112.0,0.0,0.0,58.0,0.84
0.0,46.5,173.0,32.0,265.0,58.0,1.159
4.0,24.7,94.0,22.0,0.0,21.0,0.148
9.0,30.3,145.0,34.0,165.0,53.0,0.771
12.0,39.2,140.0,43.0,325.0,58.0,0.528
2.0,28.9,134.0,0.0,0.0,23.0,0.542
0.0,22.1,139.0,17.0,210.0,21.0,0.207
3.0,29.7,74.0,28.0,45.0,23.0,0.293
5.0,29.8,158.0,0.0,0.0,63.0,0.207
3.0,0.0,80.0,0.0,0.0,22.0,0.174
2.0,39.1,121.0,32.0,95.0,23.0,0.886
5.0,32.9,168.0,0.0,0.0,41.0,0.135
8.0,32.4,154.0,32.0,0.0,45.0,0.443
2.0,36.8,122.0,27.0,0.0,27.0,0.34
6.0,19.6,129.0,7.0,326.0,60.0,0.582
12.0,27.6,92.0,7.0,258.0,44.0,0.926
0.0,38.2,84.0,31.0,125.0,23.0,0.233
0.0,42.8,147.0,54.0,0.0,24.0,0.375
2.0,27.7,81.0,22.0,0.0,25.0,0.29
5.0,48.8,137.0,0.0,0.0,37.0,0.227
0.0,18.4,104.0,0.0,0.0,27.0,0.582
1.0,42.4,172.0,49.0,579.0,28.0,0.702
7.0,34.7,150.0,42.0,342.0,42.0,0.718
4.0,29.3,83.0,19.0,0.0,34.0,0.317
9.0,24.2,91.0,0.0,0.0,58.0,0.2
0.0,37.4,95.0,25.0,36.0,24.0,0.247
6.0,24.3,103.0,0.0,0.0,29.0,0.249
5.0,39.2,103.0,37.0,0.0,65.0,0.305
2.0,23.3,105.0,0.0,0.0,53.0,0.56
3.0,24.7,96.0,34.0,115.0,39.0,0.944
0.0,30.8,117.0,31.0,188.0,22.0,0.493
4.0,37.6,110.0,0.0,0.0,30.0,0.191
7.0,30.4,159.0,0.0,0.0,36.0,0.383
0.0,33.6,104.0,37.0,64.0,22.0,0.51
2.0,29.7,75.0,24.0,55.0,33.0,0.37
0.0,40.6,135.0,46.0,145.0,26.0,0.284
0.0,34.9,119.0,18.0,92.0,23.0,0.725
3.0,36.4,187.0,22.0,200.0,36.0,0.408
7.0,50.0,152.0,44.0,0.0,36.0,0.337
2.0,32.9,124.0,28.0,205.0,30.0,0.875
5.0,29.0,99.0,27.0,0.0,32.0,0.203
2.0,32.7,87.0,16.0,52.0,25.0,0.166
0.0,28.7,93.0,25.0,92.0,22.0,0.532
4.0,42.2,92.0,0.0,0.0,29.0,0.237
2.0,0.0,74.0,0.0,0.0,22.0,0.102
8.0,30.0,120.0,0.0,0.0,38.0,0.183
2.0,42.1,123.0,32.0,165.0,26.0,0.52
1.0,41.3,144.0,40.0,0.0,28.0,0.607
9.0,31.2,106.0,0.0,0.0,42.0,0.38
2.0,36.8,83.0,28.0,66.0,24.0,0.629
0.0,34.6,177.0,29.0,478.0,21.0,1.072
7.0,32.6,62.0,0.0,0.0,41.0,0.391
1.0,32.8,164.0,43.0,67.0,50.0,0.341
0.0,36.9,78.0,29.0,40.0,21.0,0.434
13.0,43.4,126.0,0.0,0.0,42.0,0.583
2.0,38.2,146.0,35.0,194.0,29.0,0.329
4.0,32.9,158.0,0.0,0.0,31.0,0.803
2.0,38.4,112.0,42.0,160.0,28.0,0.246
2.0,25.4,141.0,34.0,128.0,24.0,0.699
3.0,33.8,173.0,39.0,185.0,31.0,0.97
3.0,34.2,80.0,31.0,70.0,27.0,1.292
7.0,35.9,109.0,31.0,0.0,43.0,1.127
4.0,28.2,97.0,23.0,0.0,22.0,0.443
2.0,22.9,175.0,0.0,0.0,22.0,0.326
7.0,0.0,105.0,0.0,0.0,24.0,0.305
8.0,37.6,167.0,46.0,231.0,43.0,0.165
1.0,34.4,112.0,30.0,176.0,25.0,0.528
1.0,35.8,124.0,32.0,0.0,21.0,0.514
3.0,37.2,162.0,38.0,0.0,24.0,0.652
4.0,31.9,110.0,0.0,0.0,29.0,0.471
2.0,27.3,91.0,0.0,0.0,22.0,0.525
10.0,35.3,115.0,0.0,0.0,29.0,0.134
1.0,24.3,105.0,0.0,0.0,21.0,0.187
2.0,40.5,100.0,52.0,57.0,25.0,0.677
9.0,29.0,119.0,35.0,0.0,29.0,0.263
1.0,25.1,90.0,18.0,59.0,25.0,1.268
1.0,26.1,151.0,0.0,0.0,22.0,0.179
10.0,32.9,101.0,48.0,180.0,63.0,0.171
10.0,0.0,115.0,0.0,0.0,30.0,0.261
11.0,33.3,155.0,28.0,150.0,51.0,1.353
11.0,52.3,135.0,0.0,0.0,40.0,0.578
4.0,28.5,189.0,31.0,0.0,37.0,0.68
8.0,23.3,183.0,0.0,0.0,32.0,0.672
12.0,41.8,151.0,40.0,271.0,38.0,0.742
1.0,25.4,109.0,8.0,182.0,21.0,0.947
11.0,28.3,136.0,35.0,130.0,42.0,0.26
1.0,40.0,181.0,42.0,293.0,22.0,1.258
3.0,29.5,102.0,0.0,0.0,32.0,0.121
8.0,28.4,120.0,0.0,0.0,22.0,0.259
13.0,42.3,158.0,0.0,0.0,44.0,0.257
7.0,35.2,150.0,29.0,126.0,54.0,0.692
2.0,20.1,68.0,13.0,15.0,23.0,0.257
2.0,25.0,112.0,22.0,0.0,24.0,0.307
2.0,23.5,90.0,0.0,0.0,25.0,0.191
2.0,25.6,139.0,0.0,0.0,29.0,0.167
1.0,40.7,139.0,41.0,480.0,21.0,0.536
0.0,35.3,93.0,0.0,0.0,25.0,0.263
8.0,38.3,84.0,31.0,0.0,39.0,0.457
5.0,29.0,85.0,22.0,0.0,32.0,1.224
1.0,23.0,73.0,10.0,0.0,21.0,0.248
4.0,39.4,112.0,40.0,0.0,38.0,0.236
9.0,30.4,165.0,0.0,0.0,49.0,0.302
1.0,33.3,77.0,30.0,56.0,24.0,1.251
8.0,36.8,95.0,0.0,0.0,57.0,0.485
2.0,28.0,146.0,38.0,360.0,29.0,0.337
8.0,35.3,74.0,40.0,49.0,39.0,0.705
